"Empresa","Geo_region","porcent_cocoa","locaci_empresa","rating","tipo_fijol"
1,14,0.63,10,3.75,4
1,476,0.7,10,2.75,4
1,64,0.7,10,3,4
1,15,0.7,10,3.5,4
1,789,0.7,10,3.5,4
1,166,0.7,10,2.75,1
1,275,0.7,10,3.5,1
1,899,0.7,10,3.5,1
1,781,0.7,10,3.75,1
1,707,0.7,10,4,3
1,712,0.7,10,2.75,1
1,547,0.7,10,3,1
1,129,0.7,10,3.25,4
1,321,0.7,10,3.75,4
1,229,0.7,10,2.75,1
1,111,0.7,10,3,4
1,720,0.7,10,3.25,4
1,203,0.7,10,4,4
1,747,0.7,10,3.25,4
1,189,0.7,10,3.5,4
1,189,0.63,10,4,4
1,125,0.7,10,3.5,4
1,730,0.63,10,3.75,4
2,219,0.7,51,3.75,2
2,964,0.7,51,3.75,1
3,977,0.6,8,2.75,4
3,979,0.8,8,3.25,4
3,977,0.88,8,3.5,4
3,978,0.72,8,3.5,4
4,536,0.55,7,2.75,2
4,536,0.7,7,3,2
5,906,0.7,28,3,1
6,84,0.75,49,3.75,4
6,550,0.75,49,2.75,1
6,638,0.75,49,2.75,2
7,954,0.65,10,2.75,4
7,986,0.75,10,2.75,4
7,547,0.75,10,3,4
7,203,0.75,10,2.5,4
7,755,0.75,10,2.5,2
8,1004,0.7,29,3.5,3
8,485,0.7,29,3.5,5
8,930,0.7,29,3.5,4
8,560,0.7,29,3.5,2
9,633,0.6,51,2.75,4
9,8,0.6,51,3,4
9,225,0.6,51,2.5,4
9,989,0.6,51,2.5,4
9,387,0.6,51,2.75,4
9,899,0.6,51,2.5,2
9,237,0.6,51,3,4
9,125,0.8,51,3.25,4
9,125,0.6,51,3,4
9,730,0.6,51,3.25,4
10,641,0.7,51,4,4
10,313,0.7,51,3.75,5
10,400,0.7,51,4,4
10,203,0.7,51,3,4
10,634,0.7,51,3,2
10,85,0.7,51,2.75,4
10,547,0.7,51,3.5,4
10,281,0.7,51,3,2
10,675,0.7,51,3.75,1
11,363,0.7,44,3,2
11,321,0.7,44,2.75,4
11,321,0.85,44,2.75,4
11,363,0.85,44,3,2
12,507,0.72,32,3.25,4
12,104,0.73,32,3.5,4
13,96,0.64,57,3,4
13,547,0.66,57,3.25,4
13,299,0.75,57,3.25,4
13,720,0.63,57,3.25,4
13,982,0.7,57,3.25,4
13,730,0.68,57,3.5,4
14,752,0.7,22,3.75,4
14,760,0.7,22,4,1
14,659,0.75,22,4,5
14,203,0.7,22,5,4
14,321,0.7,22,3,4
14,442,0.7,22,3,4
14,383,0.7,22,3.5,4
14,982,0.7,22,3.75,4
14,547,0.7,22,4,4
14,950,0.7,22,3.5,4
14,944,0.63,22,3.5,5
14,944,0.7,22,5,5
14,944,0.66,22,4,5
15,185,0.75,56,3.25,2
15,636,0.85,56,2.75,2
15,636,0.5,56,3.75,2
15,636,0.75,56,3.75,2
15,636,0.6,56,4,2
16,339,0.75,51,3,4
17,27,0.75,51,3.5,4
18,547,0.75,10,3,4
18,192,0.72,10,2.5,4
18,321,0.75,10,2.75,4
18,949,0.75,10,3,4
19,846,0.7,51,3.5,4
19,470,0.7,51,3.75,4
19,930,0.73,51,3.5,4
19,404,0.7,51,3.25,4
19,257,0.7,51,3.25,4
19,499,0.7,51,3.5,4
19,815,0.7,51,3.75,4
19,490,0.7,51,3.5,4
19,263,0.7,51,4,3
19,741,0.7,51,4,3
19,339,0.7,51,3.75,4
19,603,0.7,51,3.25,4
19,505,0.73,51,3.25,4
19,352,0.7,51,3.5,3
19,645,0.68,51,3.5,3
19,784,0.7,51,3.75,3
19,689,0.7,51,3.5,3
19,609,0.7,51,3.75,4
19,220,0.7,51,4,5
19,352,0.75,51,2.75,4
19,399,0.7,51,3.25,4
19,146,0.75,51,3.5,3
20,952,0.72,50,3.25,4
20,231,0.72,50,3.75,4
20,405,0.72,50,4,4
20,712,0.72,50,2.75,2
20,982,1,50,1.75,4
20,442,0.72,50,3.75,4
20,258,0.72,50,3.25,4
20,69,0.72,50,3.25,4
20,83,0.72,50,3.5,4
20,688,0.75,50,2.5,5
20,450,0.72,50,2.75,4
20,131,0.72,50,1.75,4
20,547,0.8,50,3,5
20,730,0.75,50,3,1
20,299,0.72,50,3.25,4
20,246,0.72,50,3.75,2
21,702,0.72,50,2.75,4
22,543,0.68,51,3.75,4
22,922,0.72,51,3.75,4
22,256,0.7,51,3.75,4
22,292,0.77,51,3.75,4
22,1006,0.75,51,2.5,4
22,845,0.7,51,3,2
23,425,0.8,23,3.25,4
23,720,0.7,23,3.5,4
23,821,0.7,23,3,4
23,71,0.7,23,2.5,2
23,425,0.7,23,2.5,5
24,89,0.7,32,2.75,2
24,426,0.7,32,3.5,2
25,71,0.7,51,3.5,4
25,582,0.7,51,4,3
25,316,0.7,51,3.25,4
25,192,0.7,51,3.5,4
25,821,0.7,51,3.75,4
26,879,0.8,54,2.75,2
27,303,0.65,51,3.5,4
27,129,0.7,51,3.75,4
27,321,0.65,51,3.25,4
28,61,0.73,50,3,4
28,870,0.72,50,3.25,4
29,132,0.8,51,2.75,4
29,304,0.7,51,2.75,4
29,325,0.7,51,2.75,4
29,321,0.9,51,2.75,4
30,258,0.64,45,2.75,2
30,720,0.64,45,2.75,2
30,730,0.64,45,2.75,2
30,321,0.71,45,3.5,4
31,460,0.7,51,3.5,5
31,30,0.7,51,3.25,4
31,692,0.7,51,3.5,4
32,98,0.83,11,2.75,4
32,97,0.78,11,3,4
32,97,0.83,11,3.5,4
33,90,0.74,45,3.5,4
33,203,0.74,45,3.5,1
33,282,0.74,45,3.5,1
33,806,0.73,45,4,4
33,87,0.72,45,4,4
33,887,0.72,45,3.75,4
34,650,0.55,10,2.75,4
35,547,0.64,49,3,4
35,574,0.88,49,3,1
35,434,0.72,49,3.5,4
35,321,0.72,49,4,1
35,167,0.7,49,3.25,4
35,768,0.74,49,3.25,1
35,451,0.64,49,3.5,4
35,684,0.72,49,3.5,4
36,656,0.76,51,2.5,4
36,840,0.76,51,2.5,4
36,841,0.78,51,2.5,4
36,96,0.86,51,3.25,4
37,363,0.72,51,3.5,2
37,86,0.75,51,3.25,4
37,2,0.7,51,3.75,5
37,86,0.65,51,2.75,2
37,832,0.7,51,3,4
37,685,0.78,51,3,1
37,783,0.75,51,3,2
37,783,0.65,51,3.5,2
37,821,0.75,51,3.25,4
37,821,0.65,51,3.5,4
37,821,0.71,51,3,4
37,119,0.75,51,3.5,2
37,783,0.68,51,3.75,4
37,48,0.7,51,3,2
38,492,0.7,51,2.75,4
38,168,0.7,51,2.75,4
38,604,0.7,51,3,2
39,118,0.7,50,2.75,4
40,249,0.82,44,3.5,2
40,700,0.72,44,2.75,4
41,18,0.82,51,3.5,4
41,499,0.75,51,2.75,4
41,470,0.75,51,3.5,4
41,1010,0.75,51,3,4
41,399,0.7,51,3.5,2
41,547,0.7,51,3.75,4
42,866,0.75,10,3.5,4
42,462,0.75,10,4,4
42,524,0.75,10,3.25,4
42,904,0.65,10,3.75,4
42,579,0.75,10,3.5,4
42,361,0.75,10,3.25,4
42,275,0.75,10,3.5,4
42,280,0.75,10,3.5,4
42,748,0.75,10,3.5,3
42,516,0.75,10,3.75,3
42,405,0.75,10,4,3
42,549,0.75,10,4,1
42,457,0.75,10,3.5,3
42,449,0.75,10,3.25,4
42,440,0.75,10,3,1
42,761,0.75,10,2.75,1
42,775,0.75,10,3,1
42,1007,0.75,10,3,1
42,777,0.75,10,4,1
42,321,0.75,10,2.5,2
42,954,0.75,10,3.75,4
42,686,0.75,10,4,4
42,576,0.75,10,4,1
42,547,0.75,10,4,4
42,188,0.75,10,3,4
42,203,0.75,10,4,4
43,337,0.77,7,3.25,2
43,337,1,7,1.5,2
44,609,0.7,51,2.75,4
44,237,0.7,51,2.75,4
45,397,0.7,51,3.5,1
45,699,0.7,51,3.75,4
45,237,0.68,51,3.75,2
45,609,0.7,51,3.75,4
45,203,0.7,51,4,4
45,252,0.72,51,3,4
45,157,0.7,51,3.25,4
45,363,0.75,51,3.5,2
45,214,0.85,51,3.5,4
46,339,0.6,51,3,4
46,339,0.8,51,3.25,4
46,26,0.7,51,3.5,3
46,45,0.8,51,2.75,4
46,609,0.8,51,3.25,4
46,45,0.6,51,3.25,4
47,442,0.7,51,3,4
48,884,0.72,23,3,4
48,573,0.7,23,3.5,4
48,155,0.72,23,3.5,4
48,375,0.68,23,2.75,4
49,321,0.7,38,3.25,4
50,299,0.68,51,2.75,4
51,950,0.72,51,3.25,4
51,627,0.72,51,3.5,3
51,96,0.72,51,3.25,4
51,115,0.72,51,3.25,5
51,326,0.6,51,2.5,4
52,785,0.7,37,2.5,4
53,958,0.75,51,2.5,1
53,302,0.75,51,2.5,3
53,301,0.75,51,2.75,2
53,724,0.75,51,2.25,3
54,377,0.65,10,3.5,5
54,858,0.7,10,3,4
54,914,0.75,10,2,2
54,982,0.72,10,2,4
54,621,0.66,10,3,2
55,203,0.77,52,3.5,4
55,797,0.75,52,3.25,4
55,13,0.75,52,2.5,4
55,546,0.74,52,3.25,4
55,209,0.75,52,3.5,4
55,209,0.7,52,3.75,4
55,402,0.74,52,3.25,4
56,545,0.71,2,3.75,4
56,729,0.74,2,3.75,4
56,59,0.72,2,3.75,4
56,873,0.64,2,3.5,5
56,957,0.7,2,3.5,5
56,128,0.69,2,2.75,4
56,57,0.7,2,3.25,4
57,458,0.7,51,3.5,4
58,269,0.72,51,3.75,1
58,309,0.72,51,3,3
58,299,0.66,51,3.75,4
58,309,0.65,51,3.25,4
59,559,0.7,44,3.5,1
59,547,0.71,44,3.5,4
59,321,0.71,44,3.75,4
59,718,0.71,44,4,2
59,383,0.71,44,3.25,4
59,982,0.71,44,3.5,4
59,982,0.77,44,3.5,4
59,773,0.7,44,4,1
59,1008,0.7,44,4,1
60,547,0.7,24,3,4
60,730,0.7,24,3.25,4
60,986,0.7,24,3.5,4
61,747,0.7,32,3.25,3
62,41,0.63,7,3.5,2
62,346,0.71,7,3.5,2
62,122,0.82,7,2.5,2
62,744,0.91,7,1.5,2
63,385,0.6,45,2.75,4
63,82,0.7,45,1,2
64,275,0.75,22,2.5,4
64,299,0.72,22,3,4
64,504,0.7,22,3.5,5
64,321,1,22,3.5,4
64,982,0.8,22,3,4
64,859,0.78,22,2.25,2
64,950,0.7,22,2.5,4
65,760,0.75,51,2.5,1
65,914,0.73,51,2.75,1
65,762,0.7,51,3,1
65,125,0.75,51,3,4
65,129,0.7,51,3.25,4
66,346,0.77,7,2,2
66,565,0.77,7,2.5,2
66,526,0.77,7,2.75,2
66,565,0.55,7,3,2
66,526,0.55,7,3.25,2
66,346,0.55,7,3.5,2
67,818,0.7,30,3.5,4
67,477,0.7,30,3.75,4
68,50,0.72,3,3.5,4
68,909,0.72,3,3.25,4
68,49,0.72,3,3.5,4
68,258,0.72,3,3,2
68,258,0.8,3,2.75,2
69,57,0.65,2,3,4
69,957,0.65,2,3.25,4
69,254,0.65,2,3.25,4
69,427,0.65,2,3.5,4
69,187,0.65,2,3.5,2
70,615,0.72,51,4,4
70,927,0.72,51,3.5,4
70,317,0.7,51,3.75,5
70,743,0.72,51,3.5,4
70,873,0.72,51,3.5,5
70,57,0.76,51,3.5,5
70,339,0.7,51,2.75,4
70,125,0.7,51,3,4
70,237,0.73,51,3.5,4
70,851,0.7,51,2.5,1
70,392,0.7,51,3.25,4
70,655,0.72,51,3.25,4
70,958,0.7,51,2.75,1
70,391,0.72,51,3,4
71,321,0.7,51,2.5,2
71,730,0.7,51,2.75,4
71,982,0.7,51,2.75,4
71,125,0.7,51,3,4
72,321,0.72,10,2.75,4
73,967,0.7,57,2.75,2
74,612,0.7,51,3.25,4
75,60,0.55,7,2.75,2
75,526,0.75,7,3,2
76,481,0.7,51,3.5,4
77,116,0.7,10,3.5,2
78,321,0.7,50,3.25,4
79,610,0.75,11,3,4
79,609,0.82,11,3.25,4
80,620,0.7,43,2.75,4
80,919,0.7,43,3.5,4
81,730,0.65,50,2.5,1
81,731,0.65,50,2.75,1
81,299,0.8,50,2.5,4
82,547,0.7,51,3.75,4
82,982,0.68,51,3.75,4
83,960,0.9,51,2.5,4
83,742,0.8,51,2.5,4
84,1000,0.7,51,2.5,2
84,967,0.7,51,2.75,4
84,299,0.6,51,3,4
84,299,0.75,51,3,4
84,675,0.8,51,3,1
84,321,0.7,51,3.25,4
84,655,0.8,51,2.75,4
85,730,0.74,51,2.75,4
86,947,0.75,1,3.25,4
86,248,0.68,1,3.5,2
86,734,0.8,1,3.75,1
87,581,0.69,40,3.75,3
87,168,0.8,40,3.75,4
87,730,0.7,40,3.75,3
87,321,0.82,40,2.5,2
87,730,0.68,40,2.75,1
87,547,0.72,40,3.25,1
88,1006,0.7,57,2.5,1
89,724,0.77,24,3,1
90,194,0.65,57,3.25,4
91,1006,0.71,44,3.25,1
91,821,0.71,44,3.5,4
91,465,0.6,44,3.25,2
91,918,0.75,44,3.25,2
91,675,0.71,44,3.5,1
91,124,0.71,44,2.5,2
91,401,0.71,44,2.5,4
91,578,0.7,44,3,5
92,906,0.65,51,2.5,4
92,906,0.75,51,2.5,4
93,675,0.8,57,2.5,1
93,771,0.7,57,2.75,1
93,129,0.7,57,3,1
93,129,0.8,57,3,1
93,675,0.7,57,3,1
94,389,0.42,27,2.75,4
95,194,0.75,57,3.25,4
96,583,0.68,57,3.75,3
97,201,0.61,51,3,1
98,203,0.77,51,2.75,4
99,924,0.73,39,3.75,2
99,925,0.8,39,3,2
99,924,0.75,39,4,2
99,780,1,39,1,2
100,154,0.73,51,3.5,4
101,821,0.75,51,3,4
102,899,0.7,12,3.25,4
102,168,0.8,12,2.75,4
102,644,0.72,12,3.25,2
102,675,0.7,12,3.75,1
102,346,0.88,12,2.75,3
103,146,0.76,51,3.5,3
104,931,0.78,51,2.75,4
105,330,0.65,11,3.25,3
105,365,0.85,11,3.5,2
105,322,1,11,1.5,2
105,966,0.72,11,3.75,2
105,547,0.7,11,3.5,4
105,383,0.72,11,3.25,4
105,203,0.7,11,3,4
105,527,0.72,11,2.5,3
105,950,0.72,11,3,4
105,442,0.72,11,3.25,4
105,676,0.72,11,3.25,1
105,761,0.72,11,3,1
105,761,0.62,11,3.25,1
105,204,0.7,11,3.5,5
105,206,0.7,11,3.75,5
105,776,0.72,11,3,1
105,777,0.72,11,3,1
105,838,0.72,11,3,4
106,869,0.7,45,1,1
107,651,0.7,23,2.5,2
107,981,0.83,23,2.75,4
107,915,0.75,23,3.25,2
107,77,0.65,23,3.25,4
107,647,0.67,23,3.25,4
107,980,0.64,23,3.25,4
107,298,0.75,23,3.5,2
108,1,0.85,51,3.25,3
108,1,0.73,51,3.75,3
109,373,0.7,23,2.75,5
109,285,0.7,23,3.25,4
110,305,0.72,51,2.75,3
111,811,0.7,50,3,4
111,526,0.7,50,3.5,4
111,265,0.7,50,2.25,4
111,698,0.7,50,2.75,4
112,1012,0.7,51,3.75,4
112,613,0.7,51,3,4
112,609,0.7,51,3.5,4
112,153,0.7,51,3.5,4
112,137,0.7,51,2.75,4
112,842,0.7,51,3.75,4
112,278,0.7,51,2.75,4
112,724,0.7,51,3.25,4
112,571,0.7,51,3.5,4
112,720,0.7,51,3.5,4
112,970,0.7,51,3,4
112,229,0.7,51,3.25,5
112,342,0.7,51,3.75,4
112,299,0.7,51,3.25,4
112,547,0.7,51,3.25,4
112,914,0.7,51,3.25,4
113,540,0.82,15,3.25,4
113,203,0.75,15,3,4
113,540,0.7,15,3.75,4
113,821,0.7,15,3.75,4
113,509,0.7,15,4,1
113,705,0.7,15,3.25,4
113,540,0.6,15,3.5,3
113,509,0.75,15,3,1
113,509,0.6,15,3.25,1
114,984,0.72,51,2.75,4
114,986,0.72,51,3,4
114,319,0.7,51,3.25,4
115,125,0.75,51,3.25,4
115,547,0.7,51,3,4
115,675,0.7,51,3.25,4
115,914,0.7,51,3,4
115,321,0.7,51,3.25,4
116,363,0.7,51,2.5,2
116,791,0.7,51,2.75,2
116,982,0.7,51,2.75,2
116,996,0.58,51,3.25,2
117,649,0.72,56,3.5,4
117,867,0.65,56,3.5,4
118,136,0.7,42,2.5,2
118,828,0.7,42,3,4
119,547,0.66,51,2.5,4
119,258,0.64,51,3,2
119,321,0.71,51,3,2
119,363,0.6,51,3,2
119,720,0.64,51,3,2
119,730,0.64,51,3,2
120,720,0.64,10,3,2
120,982,0.66,10,3.75,4
121,469,0.72,57,2.5,4
122,125,0.8,51,2.75,4
122,258,0.77,51,3.5,4
122,299,0.77,51,3.5,4
123,508,0.7,51,3.75,3
123,930,0.78,51,3.5,4
123,36,0.7,51,3.75,4
123,339,0.74,51,3.5,4
123,327,0.7,51,3.25,4
123,146,0.76,51,3.5,4
123,125,0.75,51,2.75,4
123,96,0.72,51,2.75,4
123,821,0.8,51,2.75,4
123,821,0.72,51,3,4
123,570,0.75,51,2.75,1
123,492,0.74,51,3,4
123,321,0.7,51,3.25,4
124,781,0.85,50,3,4
124,713,0.72,50,3.25,4
124,782,0.72,50,3.25,4
124,455,0.72,50,3.5,5
125,672,0.7,51,3.75,4
126,10,0.88,45,3,2
126,661,0.7,45,1.5,4
127,404,0.7,22,3.75,4
127,679,0.7,22,3.75,1
127,429,1,22,3,1
127,642,0.7,22,3.5,1
127,395,0.7,22,3.75,1
127,161,0.7,22,3.5,1
127,212,0.7,22,3,4
127,183,0.7,22,3,4
127,926,0.7,22,3,4
127,116,0.78,22,3.5,5
127,430,0.7,22,3.75,5
127,760,0.7,22,4,1
127,677,0.75,22,3.25,1
127,382,0.6,22,3.25,4
127,547,0.7,22,3.5,4
127,547,0.7,22,3.5,1
127,454,0.7,22,3.75,1
127,321,0.7,22,4,2
127,678,0.7,22,4,1
127,900,0.7,22,3,4
127,52,0.7,22,3.25,4
127,168,0.7,22,3.5,4
128,663,0.75,50,2.75,4
128,799,0.7,50,2.5,4
128,230,0.8,50,2.75,5
128,553,0.77,50,2.75,5
129,804,0.7,50,4,1
129,224,0.7,50,3.5,1
129,795,0.76,50,3.75,1
129,675,0.72,50,3.75,4
129,435,0.72,50,3.75,1
129,299,0.65,50,3.5,3
129,121,0.72,50,3,4
129,653,0.71,50,3.25,1
129,675,0.71,50,3.5,2
129,712,0.7,50,3.5,4
129,253,0.72,50,3.75,5
129,895,0.7,50,2.5,2
129,896,0.7,50,3.75,4
130,299,0.7,51,3.25,4
131,547,0.82,10,2.75,4
132,593,0.7,51,3.5,3
132,803,0.7,51,3.5,4
132,907,0.7,51,3.25,4
132,176,0.7,51,3.25,4
132,255,0.7,51,4,2
133,730,0.7,57,3.25,4
133,547,0.7,57,3.5,4
133,299,0.7,57,3.75,4
134,957,0.7,57,3.25,4
134,57,0.7,57,3.25,4
135,592,0.72,51,2.75,3
136,760,0.68,11,3,1
137,28,0.75,55,3.75,2
137,27,0.71,55,2.75,4
138,843,0.7,52,3.75,4
138,800,0.6,52,2.75,4
138,801,0.7,52,3,4
138,170,0.74,52,2.5,1
138,171,0.58,52,2.5,1
138,174,0.61,52,3,1
138,173,0.7,52,2.75,1
139,343,0.6,46,2.75,4
139,343,0.7,46,3.25,4
140,724,0.79,24,3,1
140,730,0.78,24,3.5,1
141,994,0.75,51,3.25,4
142,924,0.8,44,3.25,2
143,105,0.7,10,3.25,4
143,408,0.8,10,3,4
143,68,0.74,10,3.25,4
144,797,0.7,51,2.75,4
144,394,0.65,51,2,2
144,168,0.81,51,3.5,1
144,177,0.74,51,2.75,4
144,675,0.72,51,3,1
145,738,0.55,51,2.5,3
145,950,0.55,51,2.5,4
145,760,0.7,51,2.5,1
145,794,0.62,51,2.75,4
145,985,0.62,51,2.5,4
146,96,0.8,51,3,4
146,321,0.8,51,3.5,4
146,299,0.8,51,3.75,4
147,637,0.75,51,2.75,2
148,117,0.76,36,3,4
148,281,0.76,36,2.5,4
148,609,0.76,36,2.75,4
149,383,0.58,49,3.5,4
149,898,0.62,49,2,4
149,339,0.74,49,3,5
149,554,0.64,49,3,1
149,575,0.65,49,3,1
149,60,0.72,49,3.5,2
149,29,0.68,49,4,1
150,785,0.65,51,2.25,2
150,299,0.8,51,3,4
150,299,0.7,51,3.25,4
150,299,0.85,51,2.5,2
151,805,0.72,50,2.75,1
152,299,0.7,37,2.75,4
152,785,0.8,37,2.75,4
153,18,0.7,41,2.75,4
153,149,0.75,41,3.5,4
153,472,0.67,41,3.75,4
154,201,0.7,52,3.5,4
154,675,0.7,52,3.75,4
154,159,0.7,52,3.75,4
154,899,0.6,52,3.5,2
155,258,0.7,45,3.5,3
155,732,0.75,45,3.5,3
155,986,0.8,45,3,4
155,363,0.6,45,3.5,2
155,547,0.65,45,3.5,4
156,664,0.7,51,3.5,4
156,399,0.73,51,3.5,3
156,839,0.8,51,3,4
156,601,0.68,51,3.25,4
156,709,0.66,51,3.5,4
156,959,0.7,51,2.5,1
156,709,0.61,51,3.5,1
156,708,0.81,51,2,1
156,583,0.7,51,3.5,3
156,492,0.65,51,3.5,2
157,585,0.7,51,3,3
157,584,0.7,51,3.5,3
157,586,0.7,51,3.5,3
157,587,0.7,51,3.5,3
157,241,0.72,51,3.25,4
157,242,0.72,51,3.75,4
157,854,0.7,51,3.75,3
157,103,0.7,51,4,4
157,597,0.69,51,3.5,2
157,599,0.69,51,3.5,2
157,826,0.74,51,4,4
157,598,0.69,51,4,4
157,600,0.69,51,3,4
157,366,0.74,51,2.75,2
157,447,0.7,51,3.25,4
157,239,0.72,51,3.5,4
157,448,0.7,51,3.5,4
157,824,0.74,51,2.75,4
157,240,0.72,51,3.25,4
157,825,0.74,51,3,4
157,208,0.76,51,3.25,4
157,207,0.7,51,4,4
157,444,0.8,51,2.75,4
157,446,0.7,51,3,4
157,445,0.7,51,3.25,4
157,169,0.65,51,3.5,1
158,816,0.7,5,3.5,4
159,484,0.6,5,3,4
159,484,0.85,5,3.25,4
159,484,0.7,5,3.5,4
159,92,0.7,5,3.25,4
159,618,0.7,5,3.5,4
159,223,0.7,5,3.25,5
159,793,0.7,5,3.25,5
159,221,0.7,5,3.25,5
159,817,0.7,5,3.75,4
159,456,0.7,5,3.25,5
159,224,0.7,5,3.5,5
159,653,0.7,5,3.5,5
160,1001,0.74,51,3.75,1
160,262,0.74,51,4,5
160,375,0.7,51,3.75,4
160,581,0.76,51,3,3
160,492,0.7,51,3.75,4
160,146,0.75,51,3,4
160,730,0.7,51,2.5,4
160,875,0.66,51,3.25,4
160,258,0.7,51,3,2
161,464,0.85,51,2.5,5
162,17,0.65,11,3.25,4
162,5,0.7,11,4,2
162,238,0.7,11,3.5,4
162,238,0.8,11,3.5,4
162,17,0.75,11,3.5,4
163,939,0.7,51,3.5,4
163,71,0.66,51,3,5
164,24,0.77,51,2.75,3
164,334,0.77,51,3.25,4
164,63,0.77,51,3.25,4
165,106,0.72,53,3,4
166,288,0.7,50,2.5,4
167,547,0.7,24,3.5,4
168,383,0.82,14,3.25,4
168,383,0.6,14,2.75,4
168,383,0.71,14,2.5,4
169,60,0.64,22,3,2
169,363,0.64,22,3,2
169,951,0.64,22,3,2
169,503,0.76,22,3,2
169,115,0.64,22,3.25,2
170,344,0.7,51,3.75,4
170,405,0.65,51,2.75,4
170,655,0.65,51,2.75,4
170,442,0.65,51,3.25,4
170,321,0.65,51,3.5,4
170,264,0.72,51,2.75,4
170,515,0.61,51,3.25,4
170,695,0.72,51,3.25,4
170,950,0.65,51,3,4
170,671,0.55,51,3,1
170,660,0.91,51,3,2
170,236,0.7,51,3.5,5
170,544,0.65,51,3,2
170,891,0.64,51,3,2
170,675,0.65,51,3.5,2
170,788,0.72,51,3.5,5
170,217,0.65,51,3,4
170,899,0.65,51,2.5,5
170,834,0.65,51,3.5,5
170,535,0.65,51,3.5,2
170,956,0.61,51,3.5,5
170,868,0.61,51,3,5
171,720,0.8,57,2.75,4
171,158,0.74,57,2.75,4
171,299,0.75,57,3.25,4
171,953,0.7,57,3.5,4
171,314,0.65,57,2.75,4
171,11,0.7,57,3,4
171,38,0.8,57,3,4
171,872,0.66,57,3.25,4
172,60,0.77,11,2.5,2
173,311,0.55,7,2.75,4
173,311,0.7,7,3,4
174,890,0.7,23,3,4
175,976,0.85,51,3.25,4
175,130,0.67,51,3,4
175,943,0.77,51,3.5,4
175,975,0.74,51,3.5,4
176,730,0.64,11,2.75,3
177,617,0.7,51,3.25,5
178,260,0.74,51,3.5,5
179,31,0.67,51,3.5,5
179,997,0.67,51,3,1
179,532,0.67,51,3.75,1
179,606,0.67,51,3.75,1
180,607,0.72,51,3.5,4
181,533,0.7,51,3.5,1
182,745,0.77,51,3.5,1
183,32,0.68,51,3.75,5
183,998,0.72,51,4,1
184,967,0.57,51,2.75,2
184,982,0.74,51,3.5,1
185,914,0.7,51,2.75,4
185,547,0.74,51,3,4
185,982,0.7,51,3,4
185,321,0.73,51,3.25,4
185,730,0.7,51,3.25,4
186,19,0.7,30,2.75,4
186,168,0.72,30,2.75,4
186,237,0.75,30,3.25,4
186,374,0.66,30,3.5,1
187,60,0.8,7,2,2
187,565,0.8,7,2.5,2
187,60,0.72,7,3,2
187,60,0.58,7,3.25,2
187,565,0.58,7,3.5,2
188,581,0.7,21,2.75,3
188,149,0.7,21,3.5,4
188,821,0.7,21,3.5,4
188,375,0.7,21,3.5,4
188,572,0.7,21,3.5,4
188,440,0.7,21,2.5,2
188,418,0.7,21,2.75,4
188,851,0.7,21,3.5,4
188,419,0.75,21,3.75,4
189,333,0.72,42,2.5,4
190,727,0.7,50,2.75,5
190,595,0.7,50,4,4
190,438,1,50,1.75,4
191,950,0.75,50,3,4
191,619,0.8,50,3.5,4
191,527,0.9,50,3,3
191,886,0.72,50,3,4
191,528,0.82,50,3.5,3
191,190,1,50,2.75,4
191,529,1,50,2.5,3
191,243,1,50,2.75,3
191,821,0.66,50,3.5,5
191,530,0.8,50,3,3
191,437,0.65,50,3,4
191,439,0.65,50,3.25,4
191,321,0.7,50,2.75,2
191,858,0.7,50,3,4
191,203,0.7,50,2.75,4
191,894,0.72,50,3,2
191,967,0.8,50,2.5,2
191,914,0.75,50,2.75,4
191,966,0.72,50,3,2
192,505,0.7,57,3.5,4
192,125,0.7,57,3,5
192,126,0.7,57,3,5
192,633,0.7,57,3,4
192,418,0.7,57,3.75,4
192,1011,0.7,57,3.5,3
192,681,0.7,57,3.25,5
192,38,0.7,57,3.75,2
193,216,0.72,49,3.75,4
193,250,0.72,49,3.75,1
193,901,0.72,49,3.75,2
193,202,0.72,49,3.25,1
193,682,0.72,49,3.75,1
193,778,0.74,49,4,1
193,683,0.72,49,3.5,1
193,175,0.7,49,4,4
193,251,0.72,49,4,1
193,902,0.72,49,4,1
194,432,0.61,19,2.5,2
195,492,0.7,51,3.25,5
195,244,0.7,51,2.75,3
196,423,0.77,51,3,4
197,864,0.72,40,2.75,1
197,113,0.72,40,3,4
198,547,0.72,51,3.5,4
198,730,0.72,51,2.25,4
198,96,0.72,51,3.25,4
198,299,0.72,51,3.25,4
199,611,0.7,51,3.5,4
199,340,0.7,51,2.75,4
200,948,0.71,51,2,4
201,547,0.63,4,2.75,4
202,96,0.7,51,3.5,4
202,547,0.7,51,3.5,4
202,730,0.7,51,4,4
203,808,0.7,6,3.5,4
203,809,0.82,6,3,4
203,809,0.55,6,3.25,4
203,809,0.62,6,3.25,4
204,730,0.64,11,2.5,4
204,980,0.65,11,3.75,4
205,880,0.7,7,3,4
205,881,0.7,7,3.5,2
205,810,0.75,7,2.75,4
205,296,0.85,7,2.5,2
205,294,0.85,7,2.75,4
205,295,0.85,7,3,2
205,140,0.75,7,2.5,2
205,140,0.85,7,3,2
206,661,0.7,10,2.75,4
206,321,0.8,10,2.75,4
207,496,0.7,51,3.75,3
208,288,0.72,28,2,2
209,495,0.6,51,3,4
210,851,0.72,51,2.5,4
210,675,0.72,51,2.75,4
210,96,0.72,51,3,4
210,823,0.72,51,3.25,4
210,96,0.9,51,3.25,4
210,339,0.72,51,3.25,4
210,812,0.72,51,3.25,4
211,459,0.7,51,3.25,4
211,591,0.7,51,2.75,3
211,531,0.7,51,3.75,4
211,78,0.7,51,3.75,2
212,967,0.72,51,2.5,2
212,418,0.72,51,3,3
212,321,0.72,51,2.5,4
212,547,0.72,51,3,4
213,730,0.74,51,3.25,5
213,129,0.7,51,4,4
213,203,0.68,51,3.75,4
213,790,0.74,51,3.75,4
213,383,0.75,51,3.25,4
213,299,0.74,51,3.75,2
213,982,0.71,51,3,4
213,547,0.64,51,3.5,4
213,125,0.68,51,3,1
214,541,0.7,24,2.25,5
214,542,0.7,24,2.5,5
214,961,0.7,24,3,1
214,100,0.7,24,3,5
215,274,0.74,10,2.75,4
215,936,0.6,10,3.25,3
215,7,0.56,10,3.25,3
215,521,0.66,10,3.5,2
215,383,0.68,10,3.5,4
215,23,0.68,10,3.25,2
215,766,0.69,10,3.5,1
215,480,0.6,10,3,1
215,701,0.6,10,3.75,4
215,273,0.74,10,3.5,5
216,740,0.72,32,2.5,4
217,990,0.6,7,3.25,1
218,552,0.75,10,2.75,4
218,987,0.75,10,2.75,4
218,276,0.75,10,3,4
218,736,0.75,10,3.25,4
218,441,0.75,10,3,4
218,861,0.75,10,3.5,2
218,76,0.75,10,3.25,4
218,506,0.75,10,3.75,4
218,275,0.7,10,2.75,4
218,951,0.68,10,2.75,4
219,185,0.7,56,3.5,2
220,914,0.75,51,2.5,2
221,815,0.8,51,3.5,4
221,168,0.75,51,3,4
221,797,0.75,51,3,4
221,115,0.72,51,3,1
222,489,0.7,51,3.5,4
222,614,0.7,51,3.25,4
222,517,0.7,51,3.25,4
222,110,0.7,51,3.25,4
222,850,0.7,51,3.5,4
222,839,0.7,51,3,4
222,495,0.7,51,3.25,4
222,470,0.7,51,3.5,4
222,594,0.7,51,3.5,3
223,821,0.71,9,3.5,1
224,547,0.7,9,3,4
225,728,0.65,51,3.5,1
225,127,0.68,51,3.5,1
225,497,0.68,51,3.75,4
225,787,0.75,51,2.75,1
225,928,0.74,51,3,4
225,1003,0.68,51,3.5,1
226,350,0.85,49,3,2
227,785,0.65,37,2.5,3
228,407,0.7,51,3.75,4
228,406,0.65,51,3.25,4
228,406,0.75,51,3.75,4
228,697,0.71,51,3,4
228,696,0.72,51,3,4
228,414,0.7,51,3.5,4
229,655,0.75,51,2,4
230,865,0.46,2,2.75,2
230,545,0.6,2,3,4
230,628,0.58,2,3,4
230,857,0.65,2,3.5,4
231,730,0.7,32,1.5,2
231,730,0.55,32,2.25,3
232,547,0.67,26,3.5,4
232,547,0.7,26,3.75,4
232,547,0.63,26,4,4
232,547,0.75,26,3.5,4
233,388,0.73,51,3.5,4
233,785,0.7,51,2.75,4
233,129,0.7,51,3.5,4
233,200,0.7,51,2.75,4
233,1009,0.7,51,2.75,4
233,409,0.7,51,3.25,4
233,270,0.7,51,3.25,1
233,463,0.7,51,3.5,2
233,299,0.7,51,2.5,4
233,970,0.7,51,2.75,4
233,196,0.72,51,2.75,2
234,10,0.75,22,2,2
234,321,0.7,22,3,3
234,275,0.7,22,3.25,1
234,858,0.7,22,3.75,5
235,321,0.7,22,2,2
236,822,0.75,26,2.75,4
236,640,0.73,26,3.5,4
237,293,0.65,33,3.5,4
238,673,0.55,51,3.5,4
238,672,0.55,51,2.75,5
239,203,0.7,48,3,4
240,321,0.74,51,2.5,4
240,730,0.74,51,2.5,2
240,982,0.74,51,2.75,4
240,237,0.74,51,3.75,4
241,229,0.7,2,2.75,4
242,596,0.72,51,3.5,3
242,261,0.72,51,3.75,3
242,992,0.72,51,3.75,4
242,518,0.72,51,3.25,4
242,410,0.72,51,2.75,2
242,747,0.72,51,3,4
242,674,0.72,51,3.25,4
243,455,0.7,35,3.75,4
243,730,0.7,35,3.5,4
243,760,0.7,35,3.75,1
243,474,0.85,35,3.5,4
243,379,0.7,35,3.25,5
243,381,0.7,35,3.5,2
243,380,0.7,35,3.25,5
244,109,0.75,51,3.25,4
244,813,0.7,51,3.5,5
244,588,0.62,51,3.5,3
244,321,0.7,51,3.5,4
244,849,0.7,51,2.75,4
244,3,0.7,51,3.5,4
244,963,0.68,51,3.5,1
244,229,0.75,51,2.75,4
244,461,0.72,51,3,4
244,512,0.78,51,3.5,3
245,747,0.7,32,3,4
245,279,0.7,32,2.75,3
245,851,0.7,32,3,4
246,141,0.75,57,3.25,4
247,911,0.85,53,3.25,4
247,105,0.68,53,3.5,4
247,286,0.7,53,3.75,4
247,912,0.75,53,3.5,4
247,68,0.76,53,3.5,4
247,312,0.72,53,3.5,4
247,934,0.7,53,3.5,4
247,105,0.78,53,3.5,4
247,930,0.8,53,3,4
247,505,0.74,53,3.5,4
248,605,0.65,51,3,4
248,440,0.65,51,3,4
248,658,0.65,51,3.25,2
248,371,0.65,51,3.5,2
249,299,0.74,51,2.25,2
249,299,0.89,51,2.5,2
250,27,0.76,34,2.75,3
250,746,0.82,34,3,4
250,957,0.74,34,3.25,4
251,399,0.76,51,3,1
251,914,0.74,51,3.25,4
251,359,0.75,51,3.75,5
251,871,0.73,51,3.5,5
251,547,0.72,51,2.5,4
251,203,0.73,51,2.75,4
251,134,0.72,51,3.5,2
251,215,0.76,51,3,4
251,211,0.7,51,3,4
251,213,0.81,51,2.75,4
251,629,0.7,51,3.5,4
251,720,0.71,51,2.75,2
251,851,0.75,51,3,4
251,237,0.73,51,3.25,4
251,493,0.74,51,3.75,2
251,724,0.81,51,2.75,1
251,680,0.75,51,3,2
251,307,0.7,51,3.25,2
252,563,0.72,23,3.5,4
252,888,0.68,23,4,4
252,478,0.74,23,4,4
252,115,0.7,23,3.75,4
253,609,0.7,51,3.25,4
253,339,0.7,51,3.25,4
253,958,0.82,51,3.25,1
253,643,0.63,51,3.5,1
254,418,0.72,51,3,4
255,125,0.7,51,2.5,2
255,982,0.7,51,2.75,4
255,96,0.7,51,3,4
255,657,0.7,51,3,4
255,299,0.7,51,3.5,4
256,547,0.8,26,2.5,4
256,547,0.72,26,2.5,4
257,338,0.8,16,2.75,4
257,338,0.7,16,3,4
257,423,0.8,16,3.25,4
257,423,0.7,16,3.5,4
257,498,0.7,16,3.25,4
257,498,0.8,16,3.5,4
258,355,0.7,48,3,4
258,16,0.72,48,3.5,4
259,889,0.7,1,3.5,4
260,195,0.66,10,3.75,4
260,172,0.66,10,3.5,4
260,988,0.67,10,3.5,2
260,179,0.6,10,2,3
260,180,0.85,10,2,3
260,910,0.7,10,3,2
260,523,0.67,10,4,3
260,566,0.65,10,4,4
260,580,0.64,10,4,3
260,662,0.99,10,2,4
261,609,0.8,51,3.5,4
261,848,0.7,51,3.5,4
261,689,0.75,51,3.75,4
261,726,0.75,51,3.75,4
261,470,0.75,51,3.25,4
261,602,0.7,51,3.5,4
261,492,0.75,51,2.5,3
261,96,0.8,51,3.25,4
261,425,0.65,51,1.5,2
261,27,0.75,51,2,1
261,88,0.7,51,2.5,1
262,321,0.7,51,2.5,3
262,321,0.7,51,3.5,4
263,321,0.67,51,2.75,2
263,321,0.77,51,2.75,2
264,9,0.7,24,3.5,5
265,353,0.75,56,3.75,4
265,79,0.7,56,3.5,2
266,957,0.65,2,2.5,2
267,941,0.73,51,3.25,4
267,938,0.72,51,3,4
267,968,0.67,51,2.75,4
268,492,0.7,51,3,4
268,436,0.7,51,2.75,4
268,730,0.7,51,3.25,4
269,601,0.7,31,2.75,4
269,632,0.7,31,2.75,4
269,704,0.7,31,3.25,4
270,689,0.72,57,3.5,5
271,716,0.7,23,3.25,4
272,565,0.7,7,3.25,4
272,565,0.63,7,3.5,4
272,565,0.85,7,3.5,4
273,655,0.7,51,3.5,4
273,655,0.8,51,3.5,4
274,473,0.68,51,2.75,3
274,690,0.71,51,2.75,3
274,42,0.68,51,2.75,4
274,932,0.8,51,3,4
275,259,0.58,3,2.5,3
275,259,0.7,3,3,4
276,951,0.7,25,3.75,4
276,583,0.78,25,3.75,3
276,383,0.71,25,2.5,4
276,655,0.7,25,3.25,1
276,203,0.75,25,2.75,4
276,93,0.7,25,3,4
277,268,0.85,51,3.5,4
278,730,0.72,51,2.25,4
278,418,0.7,51,2.5,4
278,547,0.73,51,2.5,4
278,363,0.7,51,3.5,2
279,720,0.7,45,2.5,1
279,568,0.67,45,3.75,4
279,288,0.73,45,1,2
279,996,0.73,45,2,2
279,859,0.75,45,2.75,2
279,675,0.71,45,3,1
280,724,0.72,51,2.25,1
280,339,0.72,51,2.75,4
280,43,0.72,51,3,4
280,958,0.72,51,3,1
281,730,0.75,51,2.75,4
281,321,0.75,51,3.5,4
282,363,0.75,51,3,2
282,631,0.75,51,3,4
282,582,0.75,51,3.25,3
283,982,0.7,51,3,4
283,321,0.7,51,3,2
284,491,0.7,31,3,4
284,486,0.75,31,2.75,3
284,786,0.8,31,3.25,3
285,367,0.7,51,3.75,2
285,323,0.7,51,2.75,4
285,160,0.7,51,3,1
285,827,0.7,51,3.5,4
285,492,0.7,51,3.75,2
286,354,0.7,56,3.5,4
287,442,0.7,51,2.5,4
288,714,0.7,58,3.75,1
288,715,0.7,58,3.75,1
289,991,0.7,40,3.75,2
289,747,0.75,40,4,1
290,855,1,30,2.75,4
290,855,0.7,30,3.5,4
290,756,0.66,30,2.75,4
290,758,0.7,30,3,4
290,759,0.88,30,3.25,4
290,757,0.74,30,3.5,4
291,850,0.7,51,2.75,4
291,914,0.7,51,3,4
292,905,0.7,11,3.5,1
293,300,0.72,51,3,4
293,364,0.72,51,3,2
293,289,0.67,51,2.75,4
293,290,0.75,51,3,1
294,182,0.76,57,2,2
294,181,0.76,57,2.75,4
294,181,0.85,57,2.75,4
294,182,0.85,57,3,4
295,363,0.8,13,2.75,2
296,460,0.7,18,3.75,4
296,720,0.7,18,3,4
296,547,0.66,18,3.5,4
297,609,0.74,57,2.75,4
297,492,0.72,57,2.75,4
297,655,0.72,57,2.75,4
297,178,0.72,57,3,4
297,627,0.72,57,3,4
298,719,0.68,49,2.75,4
298,378,0.8,49,3.25,5
298,34,0.66,49,3.75,2
298,284,0.7,49,3,2
298,751,0.75,49,3,1
298,35,0.68,49,3.25,2
299,413,0.6,51,3,1
299,412,0.6,51,3,3
300,730,0.65,32,3,2
300,730,0.72,32,3,2
301,874,0.7,7,4,3
301,362,0.7,7,3.25,4
301,277,0.7,7,3.5,4
301,639,0.7,7,3.75,4
301,913,0.7,7,4,4
301,331,0.85,7,2.75,4
301,747,0.7,7,4,4
301,667,0.7,7,3.5,4
301,346,0.6,7,2.5,2
301,565,0.65,7,2.75,2
301,526,0.72,7,3,2
301,792,1,7,2,2
301,792,0.7,7,3.5,2
302,499,0.7,57,2.75,4
302,612,0.72,57,3,4
302,878,0.7,57,3.25,4
302,850,0.7,57,3.25,4
302,470,0.72,57,3.5,4
302,505,0.72,57,3.75,4
302,30,0.72,57,2.75,4
302,821,0.78,57,3.75,4
302,149,0.75,57,2.75,4
302,318,0.75,57,3.5,5
302,375,0.7,57,3.75,4
303,603,0.76,44,3,4
304,889,0.65,51,3.5,4
305,468,0.7,51,3.25,4
305,502,0.7,51,3.5,3
305,27,0.7,51,3,4
305,689,0.7,51,3.5,4
306,730,0.55,32,2.5,2
306,730,0.7,32,2.75,4
307,875,0.7,51,3.75,5
307,547,0.75,51,4,4
307,547,0.67,51,3.5,4
307,802,0.7,51,3.5,4
307,547,0.7,51,4,4
307,753,0.67,51,4,4
308,558,0.73,50,2.25,4
308,558,0.64,50,2.75,4
309,299,0.82,51,3,1
310,411,0.7,45,3.25,2
310,203,0.75,45,3,1
310,954,0.75,45,3.25,4
310,91,0.78,45,3.75,5
310,737,0.85,45,3,1
310,73,0.72,45,3,2
310,772,0.72,45,3,1
310,138,0.7,45,4,5
310,534,0.72,45,3.75,3
310,835,0.72,45,4,4
310,357,0.85,45,3.5,5
310,774,0.72,45,4,1
310,466,0.72,45,3,1
310,687,0.72,45,4,1
311,993,0.8,51,2.5,4
312,923,0.62,51,2.5,4
312,455,0.8,51,2.75,4
312,220,0.8,51,2.75,5
312,654,0.8,51,2.75,4
312,815,0.8,51,3.25,4
312,16,0.73,51,3.25,4
312,646,0.73,51,2.5,4
312,151,0.73,51,3.25,4
312,150,0.73,51,3.5,3
313,494,0.76,51,2.5,4
313,730,0.82,51,2.75,1
314,694,0.7,51,3.75,4
314,283,0.7,51,3.75,4
314,971,0.7,51,3.5,2
314,973,0.7,51,3,2
314,852,0.7,51,2.75,2
314,71,0.7,51,3.5,2
314,972,0.82,51,3.75,2
315,730,0.75,10,3.25,4
315,769,0.75,10,3.25,1
315,203,0.75,10,3.5,4
315,281,0.75,10,2,2
315,717,0.75,10,3,4
315,830,1,10,3,1
315,310,0.75,10,2,2
315,638,0.75,10,3.5,4
315,228,0.75,10,4,2
315,635,0.75,10,3,2
315,914,0.75,10,3.5,1
315,860,0.75,10,3.5,2
315,950,0.75,10,3.5,4
315,556,0.75,10,3.75,1
315,453,0.75,10,3.5,1
315,94,0.75,10,3.5,4
315,449,0.75,10,4,4
315,321,0.75,10,3,4
315,980,0.75,10,3,4
315,363,0.75,10,3.25,2
315,229,0.75,10,3.5,4
315,358,0.8,10,4,5
315,275,0.75,10,3,4
315,163,0.75,10,3,5
315,297,0.75,10,3.5,5
316,198,0.77,50,3.5,4
316,266,0.7,50,3.5,4
316,22,0.74,50,3.5,1
316,423,0.8,50,2.75,4
316,725,0.75,50,2.75,4
316,393,0.75,50,3,3
316,21,0.72,50,3.25,4
316,393,0.85,50,2.75,3
317,982,0.73,22,2.75,3
318,129,0.75,56,3.25,4
318,129,0.85,56,3.5,4
318,129,0.55,56,2.75,4
318,129,0.8,56,3.25,4
318,129,0.6,56,3,4
318,129,0.65,56,3.25,3
319,622,0.7,28,2.75,1
319,974,0.74,28,3,4
320,37,0.7,51,3,4
320,991,0.75,51,2.75,2
320,547,0.75,51,3.25,4
320,492,0.85,51,3.5,2
321,897,0.7,15,2.75,2
322,321,0.75,7,3,2
323,853,0.7,51,2.5,4
323,218,0.8,51,3.25,4
323,962,0.73,51,3.5,1
324,747,0.75,10,3.25,1
325,792,0.7,35,2.5,1
326,346,0.75,7,3.25,4
326,539,0.75,7,2.5,2
326,565,0.75,7,3,2
326,336,0.67,7,3.5,2
326,526,0.75,7,3.75,2
327,148,0.75,51,3.75,4
327,154,0.85,51,3.5,4
327,623,0.7,51,3.5,5
327,940,0.75,51,3.75,4
327,590,0.75,51,3,3
327,821,0.75,51,4,4
327,147,0.75,51,3.25,3
327,375,0.75,51,3.5,4
327,258,0.75,51,3.5,1
328,487,0.7,43,3.25,4
328,917,0.7,43,3.25,4
328,561,0.7,43,3.25,4
329,547,0.75,26,3.25,4
329,548,0.68,26,3.25,4
330,386,0.66,50,3.5,4
331,488,0.75,51,3.75,4
331,164,0.7,51,3.75,2
331,945,0.75,51,3.25,4
331,760,0.8,51,3.75,1
331,20,0.7,51,3.5,4
331,421,0.7,51,3.5,4
331,877,0.75,51,4,4
331,70,0.75,51,3.75,4
331,149,0.75,51,3.75,3
331,876,0.75,51,3,1
331,747,0.75,51,3.75,2
331,797,0.7,51,3.5,4
331,420,0.7,51,2.75,4
331,442,0.7,51,2.75,4
331,831,0.7,51,2.75,4
331,950,0.7,51,3,4
332,899,0.84,17,2.5,4
332,798,0.76,17,2.25,4
332,833,0.72,17,2.5,4
332,168,0.73,17,3.5,1
332,760,0.71,17,2.5,2
332,54,0.7,17,3.5,4
332,780,0.77,17,2.75,2
333,564,0.64,22,3.5,4
333,819,0.7,22,3,4
333,58,0.72,22,3.5,4
333,511,0.72,22,3.5,4
334,624,0.83,51,2.75,4
334,965,0.69,51,3.25,5
335,74,0.7,12,3.5,2
335,346,0.7,12,3.5,3
335,168,0.7,12,3.5,4
335,796,0.7,12,3.5,2
336,232,0.75,2,2.75,3
336,235,0.7,2,3,3
336,234,0.53,2,2,3
336,229,0.65,2,3,3
336,233,0.7,2,4,3
337,859,0.7,10,2.75,2
338,847,0.78,51,4,4
338,596,0.68,51,3.75,2
338,145,0.68,51,3.5,4
338,46,0.65,51,3.75,5
338,942,0.68,51,3.75,4
338,62,0.65,51,4,2
338,105,0.72,51,3.75,4
338,356,0.72,51,3,5
338,510,0.72,51,3,5
338,652,0.62,51,3,4
338,281,0.75,51,3.75,3
338,51,0.75,51,3,5
338,351,0.82,51,2,4
338,112,0.7,51,3.5,5
338,479,0.68,51,2,5
338,443,0.7,51,2,4
338,868,0.62,51,3,5
339,299,0.7,50,2.75,5
339,383,0.7,50,2.75,5
340,442,0.72,51,3.25,4
340,720,0.73,51,3.5,2
340,281,0.77,51,2.75,1
340,812,0.74,51,3.5,5
340,321,0.75,51,3,4
340,99,0.72,51,3.25,5
341,416,0.73,51,2,2
341,417,0.73,51,2.5,4
342,935,0.7,32,3.25,4
342,760,0.75,32,3.5,1
343,703,0.82,3,3.25,4
343,704,0.7,3,3.5,4
344,730,0.7,51,2.5,2
345,608,0.67,22,3,1
345,955,0.65,22,3.25,2
345,81,0.6,22,3.25,4
345,763,0.68,22,3,5
346,1000,0.73,57,3.5,4
346,471,0.73,57,3.5,4
346,347,0.73,57,3.75,4
346,885,1,57,3,4
346,152,1,57,3,4
346,500,0.73,57,3,4
346,501,0.73,57,3.25,4
346,746,0.73,57,3.25,4
346,885,0.67,57,3.75,4
346,885,0.73,57,3.75,4
346,149,0.73,57,3.75,4
347,363,0.7,51,2.75,2
347,655,0.72,51,3,1
348,691,0.7,23,3.5,4
348,396,0.7,23,3.75,1
348,770,0.7,23,4,1
348,616,0.7,23,3.75,4
348,930,0.7,23,3,4
348,65,0.67,23,3.75,4
348,197,0.7,23,3.25,4
348,19,0.65,23,3.25,4
348,19,0.7,23,3.5,4
348,470,0.67,23,3.75,4
348,848,0.7,23,3.75,4
348,146,0.72,23,4,4
348,125,0.72,23,2.75,4
348,722,0.65,23,3.5,4
348,589,0.67,23,3,3
348,210,0.7,23,3.75,4
349,363,0.67,51,1.5,2
349,547,0.68,51,3,4
349,321,0.68,51,3.25,4
350,324,0.7,51,3.5,5
350,547,0.72,51,3,4
351,591,0.68,50,2.75,3
351,184,0.85,50,2.75,3
352,882,0.7,30,3.25,4
352,883,0.75,30,3.25,4
353,135,0.7,51,3,5
353,821,0.7,51,3,4
353,38,0.7,51,3,4
353,125,0.7,51,3.25,3
353,851,0.7,51,3.25,3
353,995,0.7,51,3.5,5
354,693,0.62,57,3.5,5
354,829,0.7,57,3.5,4
354,72,0.7,57,3.5,2
354,6,0.75,57,3.75,4
354,222,0.7,57,3.75,4
354,933,0.7,57,4,4
354,156,0.7,57,3.25,4
354,272,0.7,57,3.5,1
354,760,0.75,57,4,1
354,498,0.7,57,3.5,4
354,582,0.7,57,3.75,3
354,484,0.7,57,3.25,4
354,149,0.8,57,3.5,3
354,349,0.7,57,3.75,2
354,519,0.7,57,3.25,5
354,809,0.77,57,3.75,4
354,450,0.7,57,3.25,1
354,53,0.7,57,2.75,1
354,856,0.7,57,3.75,4
354,191,0.7,57,3.25,1
354,724,0.7,57,3.75,1
354,267,0.88,57,4,4
354,577,0.7,57,4,1
354,345,0.67,57,4,4
354,701,0.7,57,3.25,2
354,70,0.7,57,4,4
354,665,0.7,57,3.25,5
354,670,0.7,57,3.75,4
354,315,0.7,57,4,5
354,287,0.7,57,4,5
354,144,0.7,57,3.5,4
354,168,0.7,57,3.75,4
354,320,0.7,57,3.5,5
354,720,0.85,57,3.5,4
354,384,0.7,57,2.75,4
354,33,0.7,57,3.5,3
354,739,0.64,57,4,3
354,929,0.7,57,4,3
354,341,0.7,57,3.75,2
354,203,0.7,57,3.5,1
354,114,0.7,57,3.75,5
354,418,0.7,57,3,2
354,10,0.7,57,3.5,2
354,237,0.7,57,3,4
354,720,0.7,57,3.5,4
354,547,0.7,57,3.75,1
354,675,0.7,57,3.75,1
355,655,0.7,51,3.25,4
355,415,0.7,51,3.5,4
356,299,0.7,57,3.25,4
356,547,0.7,57,3.5,4
356,982,0.75,57,3.5,3
356,321,0.75,57,3.25,4
356,720,0.77,57,3.25,4
356,914,0.8,57,3.5,4
357,12,0.7,51,3,4
357,12,0.8,51,3,4
357,12,0.75,51,3.25,5
358,299,0.7,51,3.75,3
358,321,0.7,51,3.5,4
358,730,0.7,51,2.75,4
358,308,0.7,23,3.5,4
358,328,0.7,23,3.75,4
358,555,0.7,23,3.75,4
358,562,0.72,23,2.75,4
359,27,0.7,49,3,1
360,299,0.7,51,3,4
360,299,0.84,51,2.25,3
361,123,0.7,51,3,3
361,418,0.7,51,3,4
361,142,0.7,51,3,4
361,807,0.7,51,3,4
361,823,0.7,51,3,4
362,75,0.68,49,2.75,4
362,431,0.72,49,3.25,2
363,329,0.84,51,3.5,4
363,332,0.7,51,3.5,4
364,820,0.65,51,2.5,2
364,820,0.7,51,2.5,2
364,820,0.75,51,2.75,2
365,821,0.67,51,2.75,4
365,631,0.78,51,3.25,4
366,730,0.61,5,2.5,5
366,730,0.71,5,3,5
367,982,0.7,52,2.75,3
367,982,0.6,52,3,4
368,893,0.7,48,2.75,5
369,645,0.7,17,3.25,4
369,90,0.88,17,3.25,4
369,45,0.7,17,3.25,4
369,1005,0.7,17,3.75,3
369,107,0.7,17,3.25,4
369,355,0.7,17,3.5,2
369,760,0.7,17,3.5,1
369,90,0.7,17,3.75,4
369,66,0.7,17,3.5,1
369,892,0.7,17,3.5,1
369,139,0.7,17,3.25,3
369,858,0.7,17,3.25,3
369,626,0.7,17,3.25,3
369,67,0.7,17,3.75,4
369,271,0.7,17,3,2
370,258,0.7,51,2.75,4
370,299,0.7,51,2.75,4
370,193,0.7,51,2.5,3
370,730,0.7,51,3,4
371,229,0.7,24,3,4
371,718,0.62,24,3.25,4
371,986,0.6,24,3.25,4
371,950,0.77,24,2.75,4
372,723,0.7,47,3.25,4
373,96,0.68,51,3,4
373,27,0.87,51,3.25,4
373,192,0.75,51,2.75,4
373,291,0.7,51,3,2
374,996,0.62,51,2,2
374,733,0.99,51,3.25,2
374,920,0.6,51,2.75,3
374,921,0.68,51,3,2
374,199,0.7,51,2.5,2
374,360,0.7,51,2.5,2
374,226,0.7,51,2.75,4
374,668,0.7,51,2.5,2
375,245,0.7,51,2.75,4
375,95,0.7,51,3,5
375,56,0.7,51,3,4
375,779,0.7,51,3.5,4
375,482,0.7,51,3.25,5
375,162,0.7,51,2,2
375,483,0.7,51,3.25,5
375,844,0.7,51,2.75,4
375,162,0.7,51,3,4
375,348,0.7,51,3.25,5
375,348,0.7,51,2.75,2
375,245,0.8,51,3,4
375,844,0.67,51,3.25,4
375,80,0.7,51,3.5,2
376,730,0.7,51,2.75,2
376,96,0.7,51,3.75,4
376,547,0.7,51,3.75,4
376,321,0.7,51,3.25,4
376,689,0.7,51,3.5,4
376,399,0.7,51,3.75,4
376,321,0.77,51,3.25,4
376,547,0.67,51,3.75,4
376,967,0.73,51,3.75,2
377,730,0.7,48,3,4
378,247,0.65,51,3.25,2
378,547,0.65,51,3.5,4
378,440,0.75,51,2.5,2
378,369,0.84,51,3,2
378,983,0.91,51,2,5
378,370,0.75,51,3,5
379,750,0.7,24,3.25,4
380,102,0.72,11,3.75,4
381,565,0.81,7,3.25,3
382,814,0.7,10,4,4
383,1002,0.77,51,3,1
383,982,0.72,51,2.75,2
383,299,0.74,51,3,2
384,237,0.72,51,3,4
385,44,0.72,26,3.5,1
386,689,0.75,51,2.75,4
386,186,0.75,51,3.5,4
386,547,0.75,51,3.5,4
386,299,0.68,51,3.25,4
386,710,0.75,51,2.5,3
386,299,0.73,51,2.75,2
387,730,0.6,51,3,1
388,299,0.63,10,3.75,2
389,601,0.74,51,2.75,4
389,666,0.7,51,3,4
390,557,0.72,51,3,4
390,916,0.72,51,3.25,4
391,903,0.65,22,3.25,4
392,754,0.63,10,4,2
392,47,0.7,10,3.5,4
392,522,0.64,10,3.5,4
392,706,0.69,10,4,4
392,165,0.56,10,3.25,1
392,767,0.64,10,4,1
392,908,0.64,10,3.75,4
392,25,0.66,10,3.75,4
392,669,0.68,10,3.5,2
392,55,0.72,10,3,5
392,205,0.65,10,3.75,4
392,569,0.64,10,4,5
392,514,0.85,10,1.5,2
392,4,0.85,10,2.5,2
392,513,0.71,10,2.75,2
392,765,0.64,10,3.25,1
392,181,0.66,10,3,4
392,390,0.7,10,4,5
392,376,0.64,10,2.5,4
392,764,0.64,10,3,1
392,836,0.64,10,3.5,4
393,567,0.72,51,2.5,2
393,648,0.65,51,2.75,2
394,547,0.72,26,2.75,4
394,547,0.76,26,2.75,4
394,547,0.8,26,2.75,4
394,547,0.7,26,3,4
394,548,0.68,26,3,4
394,547,0.64,26,3.25,4
395,710,0.7,51,3.25,4
395,711,0.7,51,3.25,4
396,299,0.9,51,3.25,4
396,950,0.75,51,3.5,4
396,627,0.75,51,3.5,4
396,288,0.9,51,3.75,3
396,227,0.7,51,3.25,4
397,108,0.7,10,3.5,4
398,851,0.75,51,3,4
399,537,1,51,2,2
399,537,0.9,51,2,2
399,537,0.75,51,3,2
399,538,0.65,51,3,2
400,823,0.77,51,2.75,4
400,630,0.77,51,3,5
400,281,0.77,51,3,1
400,730,0.77,51,3.25,5
400,143,0.77,51,2.75,4
401,730,0.7,51,2.5,4
401,675,0.7,51,2.5,4
401,299,0.7,51,3,4
402,237,0.7,30,3.5,4
402,749,0.7,30,3.5,4
403,363,0.72,30,2.5,2
404,38,0.75,20,2.5,1
404,38,0.89,20,2.75,1
404,958,0.75,20,3.25,1
404,40,0.75,20,2.75,1
405,525,0.7,50,4,3
405,525,0.88,50,3,4
405,452,1,50,2.25,2
405,821,0.71,50,3,4
405,403,0.72,50,3.5,4
405,450,0.69,50,3.75,2
405,851,0.7,50,3,2
405,797,0.72,50,3.25,4
406,398,0.74,51,3,1
406,999,0.76,51,3.5,4
406,368,0.75,51,3.75,4
407,590,0.7,51,3,3
407,149,0.7,51,3.25,4
407,375,0.7,51,3.5,4
407,321,0.7,51,2.5,4
407,258,0.7,51,3,4
407,821,0.7,51,3.25,4
407,675,0.7,51,4,4
407,492,0.7,51,3.5,2
408,418,0.66,6,3,4
409,837,0.7,51,2.75,3
409,422,0.7,51,2.5,3
410,721,0.7,51,3,4
410,306,0.7,51,3.25,4
410,551,0.7,51,3.25,4
410,735,0.7,51,3.25,4
410,101,0.7,51,3.5,4
410,424,0.6,51,3,4
411,625,0.7,34,3.5,5
411,969,0.7,34,2.75,3
411,848,0.85,34,2.75,4
411,460,0.85,34,3,5
411,460,0.7,34,3.5,5
411,850,0.78,34,3.5,4
412,388,0.78,23,3.75,4
412,372,0.65,23,3.25,4
412,27,0.68,23,3.5,4
412,937,0.66,23,3.5,4
412,946,0.72,23,3.75,2
413,792,0.8,34,2.75,4
413,120,0.72,34,3.5,4
413,39,0.65,34,3.5,4
413,862,0.7,34,3,1
413,863,0.7,34,3.5,1
413,520,0.62,34,3.75,1
413,336,0.75,34,3,3
413,428,0.75,34,3,5
413,335,0.9,34,3.25,5
413,858,0.7,34,3.75,4
413,475,0.68,34,3.25,2
413,433,0.58,34,3.5,1
413,730,0.7,34,3.75,4
413,246,0.65,34,3,2
413,467,0.65,34,3.5,2
413,467,0.62,34,3.25,4
413,133,0.65,34,3,4
